TERMINAL_ID,COUNTRY,Submitter,Terminal_Owner,Latitude,Longitude
TAU000001,Australia,Shell,BotanyBay B Vopak depot,-25.2744,133.7751
TAU000002,Australia,Shell,Botn Vopak BitDepot               ,-25.2744,133.7751
TAU000003,Australia,Shell,Kwinana Coogee depot,-25.2744,133.7751
TAU000004,Australia,Shell,Hobart Caltex depot       ,-25.2744,133.7751
TAU000005,Australia,Shell,DarwinEArm Vopak depot,-25.2744,133.7751
TAU000006,Australia,Shell,Shell/BP Newcastle         ,-25.2744,133.7751
TAU000007,Australia,Shell,Shell/Caltex Pt Hedland,-25.2744,133.7751
TAU000008,Australia,Shell,Newcastle Stolthv depot,-25.2744,133.7751
TAU000009,Australia,Shell,Birkenhead Mobil depot,-25.2744,133.7751
TAU000010,Australia,Shell,Gladstone BP depot        ,-25.2744,133.7751
TAU000011,Australia,Shell,Geelong,-25.2744,133.7751
TAT000001,Austria,Shell,Shell Austria GmbH - Linz,48.210033,16.363449
TAT000002,Austria,Shell,Shell Austria GmbH - Lobau,48.210033,16.363449
TAT000003,Austria,OMV,OMV R&M GmbH,48.210033,16.363449
TAT000004,Austria,OMV,OMV R&M GmbH,48.210033,16.363449
TAT000005,Austria,OMV,OMV R&M GmbH,48.210033,16.363449
TAT000006,Austria,DCC Energy Austria,DCC Energy Austria GmbH - Graz,48.210033,16.363449
TAT000007,Austria,DCC Energy Austria,DCC Energy Austria GmbH - Klagenfurt,48.210033,16.363449
TAT000008,Austria,DCC Energy Austria,DCC Energy Austria GmbH - Innsbruck,48.210033,16.363449
TAT000009,Austria,OMV,OMV R&M GmbH,48.210033,16.363449
TAT000010,Austria,Shell,TBG,48.210033,16.363449
TBE000001,Belgium,Argos,Argos (Varo),51.260197,4.402771
TBE000002,Belgium,Argos,Argos (Varo),51.260197,4.402771
TBE000003,Belgium,Argos,Argos (Varo),51.260197,4.402771
TBE000004,Belgium,Argos,Argos (Varo),51.260197,4.402771
TBE000005,Belgium,Argos,Argos (Varo),51.260197,4.402771
TBE000006,Belgium,Argos,Argos (Varo),51.260197,4.402771
TBE000007,Belgium,ExxonMobil,ExxonMobil,51.260197,4.402771
TBE000008,Belgium,ExxonMobil,ExxonMobil,51.260197,4.402771
TBE000009,Belgium,ExxonMobil,ExxonMobil,51.260197,4.402771
TBE000010,Belgium,Vopak,Vopak Terminal ACS,51.260197,4.402771
TBE000011,Belgium,Vopak,Vopak Terminal Linkeroever,51.260197,4.402771
TBE000012,Belgium,Vopak,Vopak Terminal Eurotank,51.260197,4.402771
TBE000013,Belgium,Argos,Argos (Varo),51.260197,4.402771
TBE000014,Belgium,Argos,Alca,51.260197,4.402771
TBE000015,Belgium,Argos,BML,51.260197,4.402771
TBE000016,Belgium,Argos,Vesta,51.260197,4.402771
TBE000017,Belgium,ExxonMobil,Total,51.260197,4.402771
TBE000018,Belgium,ExxonMobil,LukOil,51.260197,4.402771
TBE000019,Belgium,ExxonMobil,Total,51.260197,4.402771
TBE000020,Belgium,ExxonMobil,UniTank,51.260197,4.402771
TBE000021,Belgium,ExxonMobil,Total,51.260197,4.402771
TBE000022,Belgium,Argos,Argos (Varo),51.260197,4.402771
TBE000023,Belgium,Argos,Argos (Varo),51.260197,4.402771
TBE000024,Belgium,Argos,Argos (Varo),51.260197,4.402771
TBE000025,Belgium,Shell,PPST (Joint Q8/Delek),51.260197,4.402771
TBE000026,Belgium,Varo Energy,Total,51.260197,4.402771
TCA000001,Canada,ExxonMobil,ExxonMobil,62.227,-105.3809
TCA000002,Canada,ExxonMobil,ExxonMobil (Refinery),62.227,-105.3809
TCA000003,Canada,ExxonMobil,ExxonMobil,62.227,-105.3809
TCA000004,Canada,ExxonMobil,Husky,62.227,-105.3809
TCA000005,Canada,ExxonMobil,Chevron,62.227,-105.3809
TCA000006,Canada,ExxonMobil,ExxonMobil,62.227,-105.3809
TCA000007,Canada,ExxonMobil,ExxonMobil,62.227,-105.3809
TCA000008,Canada,ExxonMobil,ExxonMobil,62.227,-105.3809
TCA000009,Canada,ExxonMobil,ExxonMobil,62.227,-105.3809
TCA000010,Canada,ExxonMobil,ExxonMobil,62.227,-105.3809
TCA000011,Canada,ExxonMobil,ExxonMobil,62.227,-105.3809
TCA000012,Canada,ExxonMobil,ExxonMobil,62.227,-105.3809
TCA000013,Canada,ExxonMobil,ExxonMobil,62.227,-105.3809
TCA000014,Canada,ExxonMobil,ExxonMobil,62.227,-105.3809
TCA000015,Canada,ExxonMobil,ExxonMobil,62.227,-105.3809
TCA000016,Canada,ExxonMobil,ExxonMobil,62.227,-105.3809
TCA000017,Canada,ExxonMobil,ExxonMobil,62.227,-105.3809
TCA000018,Canada,ExxonMobil,ExxonMobil,62.227,-105.3809
TCA000019,Canada,ExxonMobil,ExxonMobil,62.227,-105.3809
TCA000020,Canada,ExxonMobil,Suncor Canada,62.227,-105.3809
TCA000021,Canada,ExxonMobil,COOP,62.227,-105.3809
TCA000022,Canada,ExxonMobil,Chevron,62.227,-105.3809
TCA000023,Canada,ExxonMobil,Suncor Canada,62.227,-105.3809
TCA000024,Canada,ExxonMobil,Suncor Canada,62.227,-105.3809
TCA000025,Canada,ExxonMobil,Valero,62.227,-105.3809
TCA000026,Canada,ExxonMobil,Shell Canada,62.227,-105.3809
TCA000027,Canada,ExxonMobil,ExxonMobil,62.227,-105.3809
TCA000028,Canada,ExxonMobil,ExxonMobil,62.227,-105.3809
TCA000029,Canada,ExxonMobil,Suncor Canada,62.227,-105.3809
TCA000030,Canada,ExxonMobil,Suncor Canada,62.227,-105.3809
TCA000031,Canada,ExxonMobil,Suncor Canada,62.227,-105.3809
TCA000032,Canada,ExxonMobil,Suncor Canada,62.227,-105.3809
TCA000033,Canada,ExxonMobil,Suncor Canada,62.227,-105.3809
TCA000034,Canada,ExxonMobil,Suncor Canada,62.227,-105.3809
TCA000035,Canada,ExxonMobil,Suncor Canada,62.227,-105.3809
TCA000036,Canada,ExxonMobil,Shell Canada,62.227,-105.3809
TCA000037,Canada,ExxonMobil,Shell Canada,62.227,-105.3809
TCA000038,Canada,ExxonMobil,Shell Canada,62.227,-105.3809
TCA000039,Canada,ExxonMobil,Shell Canada,62.227,-105.3809
TCA000040,Canada,ExxonMobil,Shell Canada,62.227,-105.3809
TCA000041,Canada,ExxonMobil,Shell Canada,62.227,-105.3809
TCA000042,Canada,ExxonMobil,Valero,62.227,-105.3809
TCA000043,Canada,ExxonMobil,Valero,62.227,-105.3809
TCA000044,Canada,ExxonMobil,Valero,62.227,-105.3809
TCA000045,Canada,ExxonMobil,Suncor Canada,62.227,-105.3809
TCA000046,Canada,ExxonMobil,Suncor Canada,62.227,-105.3809
TCA000047,Canada,ExxonMobil,Chevron,62.227,-105.3809
TCA000048,Canada,ExxonMobil,Husky,62.227,-105.3809
TCA000049,Canada,ExxonMobil,Valero,62.227,-105.3809
TCA000050,Canada,ExxonMobil,Irving,62.227,-105.3809
TCA000051,Canada,ExxonMobil,Irving,62.227,-105.3809
TCA000052,Canada,ExxonMobil,Shell Canada,62.227,-105.3809
TCA000053,Canada,ExxonMobil,Valero,62.227,-105.3809
TCA000054,Canada,ExxonMobil,Irving,62.227,-105.3809
TCA000055,Canada,ExxonMobil,Petroles Harnois,62.227,-105.3809
TCA000056,Canada,ExxonMobil,Husky,62.227,-105.3809
TCA000057,Canada,ExxonMobil,Norcan,62.227,-105.3809
TCA000058,Canada,ExxonMobil,Enbridge,62.227,-105.3809
TCA000059,Canada,ExxonMobil,Valero,62.227,-105.3809
TCA000060,Canada,ExxonMobil,CN,62.227,-105.3809
TCA000061,Canada,Irving,Irving,62.227,-105.3809
TCA000062,Canada,ExxonMobil,ExxonMobil,62.227,-105.3809
TCA000063,Canada,ExxonMobil,ExxonMobil,62.227,-105.3809
TCA000064,Canada,ExxonMobil,ExxonMobil (Terminal),62.227,-105.3809
TCA000065,Canada,ExxonMobil,Shell (Terminal),62.227,-105.3809
TCA000066,Canada,ExxonMobil,Shell (Refinery),62.227,-105.3809
TCA000067,Canada,Chevron,Chevron,62.227,-105.3809
TCA000068,Canada,ExxonMobil,Irving,62.227,-105.3809
TCA000069,Canada,ExxonMobil,ExxonMobil,62.227,-105.3809
TCA000070,Canada,ExxonMobil,ExxonMobil,62.227,-105.3809
TCA000071,Canada,ExxonMobil,ExxonMobil,62.227,-105.3809
TCA000072,Canada,ExxonMobil,ExxonMobil,62.227,-105.3809
TCA000073,Canada,ExxonMobil,ExxonMobil,62.227,-105.3809
TCA000074,Canada,ExxonMobil,ExxonMobil,62.227,-105.3809
TCA000075,Canada,ExxonMobil,ExxonMobil,62.227,-105.3809
TCA000076,Canada,ExxonMobil,ExxonMobil,62.227,-105.3809
TCA000077,Canada,ExxonMobil,ExxonMobil,62.227,-105.3809
TCA000078,Canada,ExxonMobil,ExxonMobil,62.227,-105.3809
TCA000079,Canada,ExxonMobil,ExxonMobil,62.227,-105.3809
TCA000080,Canada,ExxonMobil,ExxonMobil,62.227,-105.3809
TCA000081,Canada,ExxonMobil,ExxonMobil,62.227,-105.3809
TCA000082,Canada,ExxonMobil,ExxonMobil,62.227,-105.3809
TCA000083,Canada,ExxonMobil,ExxonMobil,62.227,-105.3809
TCA000084,Canada,Shell,Shell Canada,62.227,-105.3809
TCA000085,Canada,Shell,Shell Canada,62.227,-105.3809
TCA000086,Canada,Shell,Shell Canada,62.227,-105.3809
TCA000087,Canada,ExxonMobil,Ultramar Valero,62.227,-105.3809
TCA000088,Canada,ExxonMobil,Vopak,62.227,-105.3809
TCA000089,Canada,ExxonMobil,Ultramar Valero,62.227,-105.3809
TCA000090,Canada,ExxonMobil,Gibson,62.227,-105.3809
TCA000091,Canada,ExxonMobil,Suncor Canada,62.227,-105.3809
TCA000092,Canada,ExxonMobil,Westcan Transport Limited Partnership/ Westcan Bulk Transport Ltd,62.227,-105.3809
TCA000093,Canada,ExxonMobil,North Atlantic Refining Company,62.227,-105.3809
TCA000094,Canada,ExxonMobil,CN,62.227,-105.3809
TCA000095,Canada,ExxonMobil,Irving,62.227,-105.3809
TCA000096,Canada,ExxonMobil,Irving,62.227,-105.3809
TCA000097,Canada,ExxonMobil,Irving,62.227,-105.3809
TCA000098,Canada,ExxonMobil,Irving,62.227,-105.3809
TCA000099,Canada,US Development,US Development,62.227,-105.3809
TCA000100,Canada,ExxonMobil,Elbow River,62.227,-105.3809
TCA000101,Canada,ExxonMobil,ASIG,62.227,-105.3809
TCA000102,Canada,ExxonMobil,ASIG,62.227,-105.3809
TCA000103,Canada,ExxonMobil,ASIG,62.227,-105.3809
TCA000104,Canada,ExxonMobil,ASIG,62.227,-105.3809
TCA000105,Canada,ExxonMobil,ASIG,62.227,-105.3809
TCA000106,Canada,ExxonMobil,ASIG,62.227,-105.3809
TCA000107,Canada,ExxonMobil,ASIG,62.227,-105.3809
TCA000108,Canada,ExxonMobil,FSM Management Group,62.227,-105.3809
TCA000109,Canada,ExxonMobil,ASIG,62.227,-105.3809
TCA000110,Canada,ExxonMobil,ASIG,62.227,-105.3809
TCA000111,Canada,ExxonMobil,ExxonMobil,62.227,-105.3809
TCA000112,Canada,ExxonMobil,ExxonMobil,62.227,-105.3809
TCA000113,Canada,ExxonMobil,ExxonMobil,62.227,-105.3809
TCA000114,Canada,ExxonMobil,Coop,62.227,-105.3809
TCA000115,Canada,ExxonMobil,NorthWest Redwater Partnership,62.227,-105.3809
TCA000116,Canada,ExxonMobil,Rail,62.227,-105.3809
TCA000117,Canada,Shell,Shell,62.227,-105.3809
TCA000118,Canada,ExxonMobil,Vancouver Airport Authority,62.227,-105.3809
TCA000119,Canada,ExxonMobil,Plains Midstream Canada,62.227,-105.3809
TCA000120,Canada,ExxonMobil,Exchange Petroleum,62.227,-105.3809
TCA000121,Canada,ExxonMobil,YYJ FBO Services,62.227,-105.3809
TCA000122,Canada,ExxonMobil,Landmark Aviation,62.227,-105.3809
TCA000123,Canada,ExxonMobil,B&W Aviation,62.227,-105.3809
TCA000124,Canada,ExxonMobil,Lancaster Aviation,62.227,-105.3809
TCA000125,Canada,ExxonMobil,Lancaster Aviation,62.227,-105.3809
TCA000126,Canada,ExxonMobil,MaintAir,62.227,-105.3809
TCA000127,Canada,Gibson Energy,Gibson Energy,62.227,-105.3809
TDK000001,Denmark,Shell,Dansk Shell AS Fredericia,55.676098,12.568337
TDK000002,Denmark,Statoil,StatOil,55.676098,12.568337
TDK000003,Denmark,Statoil,StatOil,55.676098,12.568337
TDK000004,Denmark,Statoil,StatOil,55.676098,12.568337
TEE000001,Estonia,Vopak,Vopak E.O.S.,59.436962,24.753574
TFI000001,Finland,Vopak,Vopak Terminal Hamina,61.9241,25.7482
TFI000002,Finland,Vopak,Vopak Terminal Mussalo,61.9241,25.7482
TFI000003,Finland,BP,Neste Oyj - Kemi,61.9241,25.7482
TFI000004,Finland,BP,Neste Oyj - Porvoo,61.9241,25.7482
TFR000001,France,ExxonMobil,ExxonMobil,46.2276,2.2137
TFR000002,France,ExxonMobil,ExxonMobil,46.2276,2.2137
TFR000003,France,ExxonMobil,ExxonMobil,46.2276,2.2137
TFR000004,France,ExxonMobil,ExxonMobil,46.2276,2.2137
TFR000005,France,ExxonMobil,ExxonMobil,46.2276,2.2137
TFR000006,France,ExxonMobil,DPLC,46.2276,2.2137
TFR000007,France,ExxonMobil,RAFFINERIE DU MIDI,46.2276,2.2137
TFR000008,France,ExxonMobil,Depots Petroliers d'Aquitaine,46.2276,2.2137
TFR000009,France,ExxonMobil,DPLC,46.2276,2.2137
TFR000010,France,ExxonMobil,DPC (Operated by RM),46.2276,2.2137
TFR000011,France,ExxonMobil,BOLLORE,46.2276,2.2137
TFR000012,France,ExxonMobil,RAFFINERIE DU MIDI,46.2276,2.2137
TFR000013,France,ExxonMobil,RAFFINERIE DU MIDI,46.2276,2.2137
TFR000014,France,ExxonMobil,TOTAL,46.2276,2.2137
TFR000015,France,ExxonMobil,BP ,46.2276,2.2137
TFR000016,France,ExxonMobil,SOGEPP,46.2276,2.2137
TFR000017,France,ExxonMobil,SPLRL,46.2276,2.2137
TFR000018,France,ExxonMobil,BOLLORE,46.2276,2.2137
TFR000019,France,ExxonMobil,COMPAGNIE INDUSTRIELLE MARITIME,46.2276,2.2137
TFR000020,France,ExxonMobil,RUBIS,46.2276,2.2137
TFR000021,France,ExxonMobil,TOTAL,46.2276,2.2137
TFR000022,France,ExxonMobil,TOTAL,46.2276,2.2137
TFR000023,France,ExxonMobil,Petroplus,46.2276,2.2137
TFR000024,France,ExxonMobil,CDH,46.2276,2.2137
TFR000025,France,ExxonMobil,BOLLORE,46.2276,2.2137
TFR000026,France,ExxonMobil,DPC,46.2276,2.2137
TFR000027,France,ExxonMobil,RAFFINERIE DU MIDI,46.2276,2.2137
TFR000028,France,ExxonMobil,GPSPC,46.2276,2.2137
TFR000029,France,ExxonMobil,RUBIS,46.2276,2.2137
TFR000030,France,ExxonMobil,CDH,46.2276,2.2137
TFR000031,France,ExxonMobil,TOTAL,46.2276,2.2137
TFR000032,France,Argos,Argos,46.2276,2.2137
TFR000033,France,Argos,Argos,46.2276,2.2137
TFR000034,France,ExxonMobil,DPF,46.2276,2.2137
TFR000035,France,ExxonMobil,Total,46.2276,2.2137
TFR000036,France,ExxonMobil,Depot Petrolier de Lorient,46.2276,2.2137
TFR000037,France,ExxonMobil,Total,46.2276,2.2137
TFR000038,France,ExxonMobil,Geogaz,46.2276,2.2137
TFR000039,France,ExxonMobil,CCMP,46.2276,2.2137
TFR000040,France,ExxonMobil,Rubis,46.2276,2.2137
TFR000041,France,ExxonMobil,DPF,46.2276,2.2137
TFR000042,France,ExxonMobil,Rubis,46.2276,2.2137
TFR000043,France,ExxonMobil,Rubis,46.2276,2.2137
TFR000044,France,ExxonMobil,CCMP,46.2276,2.2137
TFR000045,France,ExxonMobil,Dépôt pétrolier de Lyon DPL,46.2276,2.2137
TFR000046,France,ExxonMobil,TOTAL,46.2276,2.2137
TFR000047,France,ExxonMobil,CCMP,46.2276,2.2137
TFR000048,France,ExxonMobil,PICOTY,46.2276,2.2137
TFR000049,France,ExxonMobil,RM,46.2276,2.2137
TFR000050,France,ExxonMobil,RUBIS,46.2276,2.2137
TFR000051,France,ExxonMobil,TOTAL,46.2276,2.2137
TFR000052,France,ExxonMobil,TOTAL,46.2276,2.2137
TDE000001,Germany,Shell,Shell Deutschland Oil GmbH - Altmannshofen,51.1657,10.4515
TDE000002,Germany,Shell,Shell Deutschland Oil GmbH - Flörsheim,51.1657,10.4515
TDE000003,Germany,Shell,Shell Deutschland Oil GmbH - Harburg,51.1657,10.4515
TDE000004,Germany,Shell,Shell Deutschland Oil GmbH - Godorf,51.1657,10.4515
TDE000005,Germany,Shell,Shell Deutschland Oil GmbH - Wesseling Refinery,51.1657,10.4515
TDE000006,Germany,Shell,Shell Deutschland Oil GmbH - Wesseling,51.1657,10.4515
TDE000007,Germany,Shell,Shell Deutschland Oil GmbH - Ludwigshafen,51.1657,10.4515
TDE000008,Germany,Shell,Shell Deutschland Oil GmbH - Würzburg,51.1657,10.4515
TDE000009,Germany,ExxonMobil,ExxonMobil,51.1657,10.4515
TDE000010,Germany,Vopak,Vopak Dupeg Terminal Hamburg - Site Neuhof,51.1657,10.4515
TDE000011,Germany,OMV,OMV R&M GmbH,51.1657,10.4515
TDE000012,Germany,ExxonMobil,BP,51.1657,10.4515
TDE000013,Germany,ExxonMobil,BP,51.1657,10.4515
TDE000014,Germany,ExxonMobil,Grosstanklager-Ölhafen Rostock GmbH,51.1657,10.4515
TDE000015,Germany,ExxonMobil,MIRO,51.1657,10.4515
TDE000016,Germany,ExxonMobil,TLS,51.1657,10.4515
TDE000017,Germany,ExxonMobil,BP,51.1657,10.4515
TDE000018,Germany,ExxonMobil,HGM,51.1657,10.4515
TDE000019,Germany,ExxonMobil,MUT,51.1657,10.4515
TDE000020,Germany,ExxonMobil,OILTANKING,51.1657,10.4515
TDE000021,Germany,ExxonMobil,OILTANKING,51.1657,10.4515
TDE000022,Germany,ExxonMobil,OILTANKING,51.1657,10.4515
TDE000023,Germany,ExxonMobil,OILTANKING,51.1657,10.4515
TDE000024,Germany,ExxonMobil,Petroplus,51.1657,10.4515
TDE000025,Germany,ExxonMobil,PetroTank,51.1657,10.4515
TDE000026,Germany,ExxonMobil,PCK und elf Tanklagerbetrieb Seefeld GbR,51.1657,10.4515
TDE000027,Germany,ExxonMobil,Hestya Energy,51.1657,10.4515
TDE000028,Germany,ExxonMobil,TANQUID,51.1657,10.4515
TDE000029,Germany,ExxonMobil,BP,51.1657,10.4515
TDE000030,Germany,ExxonMobil,TOTAL,51.1657,10.4515
TDE000031,Germany,ExxonMobil,TOTAL,51.1657,10.4515
TDE000032,Germany,ExxonMobil,TOTAL,51.1657,10.4515
TDE000033,Germany,ExxonMobil,TOTAL,51.1657,10.4515
TDE000034,Germany,ExxonMobil,UniTank,51.1657,10.4515
TDE000035,Germany,ExxonMobil,Klesch,51.1657,10.4515
TDE000036,Germany,ExxonMobil,PetroTank,51.1657,10.4515
TDE000037,Germany,ExxonMobil,PetroTank,51.1657,10.4515
TDE000038,Germany,ExxonMobil,PCK und elf Tanklagerbetrieb Seefeld GbR,51.1657,10.4515
TDE000039,Germany,ExxonMobil,PetroTank,51.1657,10.4515
TDE000040,Germany,Shell,Trevitank,51.1657,10.4515
TDE000041,Germany,Shell,UniTank,51.1657,10.4515
TDE000042,Germany,Shell,BayernOil,51.1657,10.4515
TDE000043,Germany,Shell,BayernOil,51.1657,10.4515
TDE000044,Germany,Shell,Erich Doetsch Mineralolhandels KG,51.1657,10.4515
TDE000045,Germany,Shell,OILTANKING,51.1657,10.4515
TDE000046,Germany,Shell,PetroTank,51.1657,10.4515
TDE000047,Germany,Shell,TANQUID,51.1657,10.4515
TDE000048,Germany,Shell,TANQUID,51.1657,10.4515
TDE000049,Germany,Shell,Tamoil (Holborn Europa Raffinerie GmbH),51.1657,10.4515
TDE000050,Germany,Shell,Total,51.1657,10.4515
TDE000051,Germany,Shell,Georg Schneider GmbH,51.1657,10.4515
TDE000052,Germany,Shell,PetroTank,51.1657,10.4515
TDE000053,Germany,Shell,TANQUID,51.1657,10.4515
TDE000054,Germany,Shell,TANQUID,51.1657,10.4515
TDE000055,Germany,Shell,Praeg,51.1657,10.4515
TDE000056,Germany,Shell,Praeg,51.1657,10.4515
TDE000057,Germany,Shell,Tabeg,51.1657,10.4515
TDE000058,Germany,Shell,PetroTank,51.1657,10.4515
TDE000059,Germany,Shell,PetroTank,51.1657,10.4515
TDE000060,Germany,Shell,OILTANKING,51.1657,10.4515
TDE000061,Germany,Shell,UniTank,51.1657,10.4515
TDE000062,Germany,Shell,UniTank,51.1657,10.4515
TDE000063,Germany,Shell,Trevitank,51.1657,10.4515
TDE000064,Germany,Shell,PetroTank,51.1657,10.4515
TDE000065,Germany,Shell,PetroTank,51.1657,10.4515
TDE000066,Germany,Shell,TANQUID,51.1657,10.4515
TDE000067,Germany,Shell,BayWa,51.1657,10.4515
TDE000068,Germany,Shell,OILTANKING,51.1657,10.4515
TDE000069,Germany,Shell,Vopak,51.1657,10.4515
TDE000070,Germany,Shell,PetroTank,51.1657,10.4515
TDE000071,Germany,Shell,TFSB,51.1657,10.4515
TDE000072,Germany,Shell,PetroTank,51.1657,10.4515
TDE000073,Germany,ExxonMobil,BP,51.1657,10.4515
TDE000074,Germany,ExxonMobil,Raben Trans European Germany GmbH,51.1657,10.4515
TDE000075,Germany,ExxonMobil,TANQUID,51.1657,10.4515
TDE000076,Germany,ExxonMobil,FBG Tanklager Heilbronn,51.1657,10.4515
TDE000077,Germany,ExxonMobil,FBG Tanklager Bellheim,51.1657,10.4515
TDE000078,Germany,ExxonMobil,UniTank,51.1657,10.4515
TDE000079,Germany,ExxonMobil,BP (Transtank),51.1657,10.4515
TDE000080,Germany,ExxonMobil,DS Mineraloel,51.1657,10.4515
TDE000081,Germany,ExxonMobil,Weert Ihnen GmbH,51.1657,10.4515
TDE000082,Germany,ExxonMobil,BP,51.1657,10.4515
TDE000083,Germany,ExxonMobil,BP,51.1657,10.4515
TDE000084,Germany,ExxonMobil,UTG,51.1657,10.4515
TIE000001,Ireland,ConocoPhillips,ConocoPhillips Whitegate Refinery Ltd,53.1424,-7.6921
TIE000002,Ireland,ExxonMobil,ExxonMobil,53.1424,-7.6921
TIE000003,Ireland,ExxonMobil,ExxonMobil,53.1424,-7.6921
TIE000004,Ireland,ExxonMobil,Topaz,53.1424,-7.6921
TIE000005,Ireland,ExxonMobil,Topaz,53.1424,-7.6921
TIE000006,Ireland,ExxonMobil,Topaz,53.1424,-7.6921
TIE000007,Ireland,ExxonMobil,Topaz,53.1424,-7.6921
TIE000008,Ireland,DTN,Jones Oil,53.1424,-7.6921
TIE000009,Ireland,DTN,Jones Oil,53.1424,-7.6921
TIE000010,Ireland,DTN,Jones Oil,53.1424,-7.6921
TIE000011,Ireland,DTN,Jones Oil,53.1424,-7.6921
TIE000012,Ireland,DTN,Jones Oil,53.1424,-7.6921
TIE000013,Ireland,DTN,Jones Oil,53.1424,-7.6921
TIE000014,Ireland,DTN,Jones Oil,53.1424,-7.6921
TIE000015,Ireland,DTN,Jones Oil,53.1424,-7.6921
TIE000016,Ireland,DTN,Jones Oil,53.1424,-7.6921
TIE000017,Ireland,DTN,Jones Oil,53.1424,-7.6921
TIE000018,Ireland,DTN,Jones Oil,53.1424,-7.6921
TIE000019,Ireland,DTN,Jones Oil,53.1424,-7.6921
TIE000020,Ireland,DTN,Jones Oil,53.1424,-7.6921
TIE000021,Ireland,DTN,Jones Oil,53.1424,-7.6921
TIE000022,Ireland,DTN,Jones Oil,53.1424,-7.6921
TIE000023,Ireland,DTN,Jones Oil,53.1424,-7.6921
TIE000024,Ireland,DTN,Jones Oil,53.1424,-7.6921
TIE000025,Ireland,DTN,Jones Oil,53.1424,-7.6921
TIE000026,Ireland,DTN,Jones Oil,53.1424,-7.6921
TIE000027,Ireland,DTN,Jones Oil,53.1424,-7.6921
TIE000028,Ireland,DTN,Jones Oil,53.1424,-7.6921
TIT000001,Italy,Shell,Shell Italie - Visco,41.8719,12.5674
TIT000002,Italy,Shell,Shell Italia - Trieste,41.8719,12.5674
TIT000003,Italy,ExxonMobil,ExxonMobil,41.8719,12.5674
TIT000004,Italy,ExxonMobil,ExxonMobil,41.8719,12.5674
TIT000005,Italy,ExxonMobil,ExxonMobil,41.8719,12.5674
TIT000006,Italy,ExxonMobil,ExxonMobil,41.8719,12.5674
TIT000007,Italy,ExxonMobil,ExxonMobil,41.8719,12.5674
TIT000008,Italy,ExxonMobil,ExxonMobil,41.8719,12.5674
TIT000009,Italy,ExxonMobil,ExxonMobil,41.8719,12.5674
TIT000010,Italy,ExxonMobil,ExxonMobil,41.8719,12.5674
TIT000011,Italy,ExxonMobil,Arcola Saras,41.8719,12.5674
TIT000012,Italy,ExxonMobil,ENI,41.8719,12.5674
TIT000013,Italy,ExxonMobil,Tamoil,41.8719,12.5674
TIT000014,Italy,ExxonMobil,ENI,41.8719,12.5674
TIT000015,Italy,ExxonMobil,API,41.8719,12.5674
TIT000016,Italy,ExxonMobil,Q8,41.8719,12.5674
TIT000017,Italy,ExxonMobil,Costieri D'Alesio,41.8719,12.5674
TIT000018,Italy,ExxonMobil,IES - Italiana Energio E Servizio (terminal),41.8719,12.5674
TIT000019,Italy,ExxonMobil,ENI,41.8719,12.5674
TIT000020,Italy,ExxonMobil,ENI,41.8719,12.5674
TIT000021,Italy,ExxonMobil,Arcola Saras,41.8719,12.5674
TIT000022,Italy,ExxonMobil,ERG,41.8719,12.5674
TIT000023,Italy,ExxonMobil,Arcola Saras,41.8719,12.5674
TIT000024,Italy,ExxonMobil,ENI,41.8719,12.5674
TIT000025,Italy,ExxonMobil,Firmin,41.8719,12.5674
TIT000026,Italy,ExxonMobil,ENI,41.8719,12.5674
TIT000027,Italy,ExxonMobil,SARPOM,41.8719,12.5674
TIT000028,Italy,ExxonMobil,Petroven,41.8719,12.5674
TIT000029,Italy,ExxonMobil,Vado Ligure ALKION,41.8719,12.5674
TIT000030,Italy,ExxonMobil,Gam Oil Gas,41.8719,12.5674
TIT000031,Italy,ExxonMobil,Decal,41.8719,12.5674
TIT000032,Italy,ExxonMobil,API,41.8719,12.5674
TIT000033,Italy,ExxonMobil,ENI,41.8719,12.5674
TIT000034,Italy,ExxonMobil,API,41.8719,12.5674
TIT000035,Italy,ExxonMobil,Q8,41.8719,12.5674
TIT000036,Italy,ExxonMobil,Gruppo PIR,41.8719,12.5674
TIT000037,Italy,ExxonMobil,Repsol,41.8719,12.5674
TIT000038,Italy,ExxonMobil,Q8,41.8719,12.5674
TIT000039,Italy,ExxonMobil,ENI,41.8719,12.5674
TIT000040,Italy,ExxonMobil,Arcola Petrolifera,41.8719,12.5674
TIT000041,Italy,ExxonMobil,TOTALERG,41.8719,12.5674
TIT000042,Italy,ExxonMobil,Q8,41.8719,12.5674
TIT000043,Italy,ExxonMobil,ENI,41.8719,12.5674
TIT000044,Italy,ExxonMobil,ENI,41.8719,12.5674
TIT000045,Italy,ExxonMobil,ENI,41.8719,12.5674
TIT000046,Italy,ExxonMobil,ENI,41.8719,12.5674
TIT000047,Italy,ExxonMobil,TOTALERG,41.8719,12.5674
TIT000048,Italy,ExxonMobil,ENI,41.8719,12.5674
TIT000049,Italy,ExxonMobil,ENI,41.8719,12.5674
TIT000050,Italy,ExxonMobil,TAMOIL,41.8719,12.5674
TIT000051,Italy,ExxonMobil,IES - Italiana Energio E Servizio (refinery),41.8719,12.5674
TIT000052,Italy,ExxonMobil,BP ,41.8719,12.5674
TIT000053,Italy,ExxonMobil,Q8,41.8719,12.5674
TIT000054,Italy,ExxonMobil,IVI PETROLIFERA SPA,41.8719,12.5674
TIT000055,Italy,ExxonMobil,ExxonMobil,41.8719,12.5674
TJE000001,Jersey,ExxonMobil,Rubis/ExxonMobil (JV),49.2144,2.1312
TLV000001,Latvia,Statoil,Statoil,56.8796,24.6032
TLT000001,Lithuania,Statoil,Statoil,55.1694,23.8813
TLU000001,Luxembourg,Shell,Shell Luxembourgeoise SàRL,49.8153,6.1296
TLU000002,Luxembourg,ExxonMobil,Q8,49.8153,6.1296
TLU000003,Luxembourg,ExxonMobil,ExxonMobil,49.8153,6.1296
TMX000001,Mexico,ExxonMobil,Grupo Simsa,23.6345,-102.5528
TMX000002,Mexico,ExxonMobil,Watco Companies,23.6345,-102.5528
TNL000001,Netherlands,Shell,Shell Nederland Verkoopmaatschappij BV – Depot Pernis,52.1326,5.2913
TNL000002,Netherlands,Shell,Shell Nederland Verkoopmaatschappij BV – Depot Arnhem,52.1326,5.2913
TNL000003,Netherlands,Argos,Argos (Varo),52.1326,5.2913
TNL000004,Netherlands,Argos,Argos (Varo),52.1326,5.2913
TNL000005,Netherlands,Argos,Argos (Varo),52.1326,5.2913
TNL000006,Netherlands,Argos,Argos (Varo),52.1326,5.2913
TNL000007,Netherlands,Argos,Argos (Varo),52.1326,5.2913
TNL000008,Netherlands,Argos,Argos (Varo),52.1326,5.2913
TNL000009,Netherlands,Argos,Argos (Varo),52.1326,5.2913
TNL000010,Netherlands,Argos,Argos (Varo),52.1326,5.2913
TNL000011,Netherlands,ExxonMobil,ExxonMobil,52.1326,5.2913
TNL000012,Netherlands,Vopak,Vopak Terminal Amsterdam Petroleumhaven,52.1326,5.2913
TNL000013,Netherlands,Vopak,Vopak Terminal Botlek (Noord),52.1326,5.2913
TNL000014,Netherlands,Vopak,Vopak Terminal Botlek (Zuid),52.1326,5.2913
TNL000015,Netherlands,Vopak,Vopak Terminal Chemiehaven,52.1326,5.2913
TNL000016,Netherlands,Vopak,Vopak Terminal Europoort,52.1326,5.2913
TNL000017,Netherlands,Vopak,Vopak Terminal Laurenshaven,52.1326,5.2913
TNL000018,Netherlands,Vopak,Vopak Terminal TTR,52.1326,5.2913
TNL000019,Netherlands,Vopak,Vopak Terminal Vlaardingen,52.1326,5.2913
TNL000020,Netherlands,Vopak,Vopak Terminal Vlissingen,52.1326,5.2913
TNL000021,Netherlands,Vopak,Vopak Terminal Eemshaven,52.1326,5.2913
TNL000022,Netherlands,Vopak,Vopak Terminal Amsterdam Westpoort,52.1326,5.2913
TNL000023,Netherlands,Vopak,Maasvlakte Olie Terminal,52.1326,5.2913
TNL000024,Netherlands,Zenith Energy,Zenith Energy Nederland,52.1326,5.2913
TNL000025,Netherlands,Argos,Argos (Varo),52.1326,5.2913
TNL000026,Netherlands,Finco Fuel,Finco Fuel,52.1326,5.2913
TNL000027,Netherlands,Salland,Salland Olie,52.1326,5.2913
TNL000028,Netherlands,ExxonMobil,Den Hartog,52.1326,5.2913
TNL000029,Netherlands,ExxonMobil,Argos (Varo),52.1326,5.2913
TNL000030,Netherlands,BP,BP,52.1326,5.2913
TNL000031,Netherlands,Shell ,Koole,52.1326,5.2913
TNO000001,Norway,Shell,Kirkenes,60.472,8.4689
TNO000002,Norway,Shell,Larsgården,60.472,8.4689
TNO000003,Norway,Shell,Lillesund,60.472,8.4689
TNO000004,Norway,Shell,Norske Shell AS Depot Sjursøya,60.472,8.4689
TNO000005,Norway,Shell,Norske Shell AS Depot Skarholmen,60.472,8.4689
TNO000006,Norway,Shell,Norske Shell AS Depot Tananger,60.472,8.4689
TNO000007,Norway,Shell,Skjelnan,60.472,8.4689
TNO000008,Norway,Shell,Vestervika ,60.472,8.4689
TNO000009,Norway,ExxonMobil,ExxonMobil,60.472,8.4689
TNO000010,Norway,ExxonMobil,ExxonMobil,60.472,8.4689
TNO000011,Norway,ExxonMobil,ExxonMobil,60.472,8.4689
TNO000012,Norway,ExxonMobil,ExxonMobil,60.472,8.4689
TNO000013,Norway,ExxonMobil,Uno-X,60.472,8.4689
TNO000014,Norway,ExxonMobil,Uno-X,60.472,8.4689
TNO000015,Norway,ExxonMobil,Uno-X,60.472,8.4689
TNO000016,Norway,ExxonMobil,Statoil,60.472,8.4689
TNO000017,Norway,ExxonMobil,Statoil,60.472,8.4689
TNO000018,Norway,ExxonMobil,Statoil,60.472,8.4689
TNO000019,Norway,ExxonMobil,Statoil,60.472,8.4689
TNO000020,Norway,ExxonMobil,Statoil,60.472,8.4689
TNO000021,Norway,ExxonMobil,Statoil,60.472,8.4689
TNO000022,Norway,ExxonMobil,Statoil,60.472,8.4689
TNO000023,Norway,ExxonMobil,Shell (Norweigian Military),60.472,8.4689
TNO000024,Norway,ExxonMobil,Statoil,60.472,8.4689
TNO000025,Norway,ExxonMobil,Statoil,60.472,8.4689
TNO000026,Norway,ExxonMobil,Statoil,60.472,8.4689
TNO000027,Norway,ExxonMobil,Flogas,60.472,8.4689
TNO000028,Norway,Uno-X,Uno-X,60.472,8.4689
TNO000029,Norway,Uno-X,Uno-X,60.472,8.4689
TNO000030,Norway,Statoil,Statoil,60.472,8.4689
TNO000031,Norway,Statoil,Statoil,60.472,8.4689
TNO000032,Norway,Statoil,Statoil,60.472,8.4689
TNO000033,Norway,Statoil,Statoil,60.472,8.4689
TNO000034,Norway,Statoil,Statoil,60.472,8.4689
TNO000035,Norway,Statoil,Statoil,60.472,8.4689
TNO000036,Norway,Statoil,Statoil,60.472,8.4689
TNO000037,Norway,Statoil,Statoil,60.472,8.4689
TNO000038,Norway,Statoil,Statoil,60.472,8.4689
TNO000039,Norway,ExxonMobil,Statoil,60.472,8.4689
TNO000040,Norway,ExxonMobil,Statoil,60.472,8.4689
TPL000001,Poland,Statoil,GRUPA LOTOS,51.9194,19.1451
TPL000002,Poland,Statoil,GRUPA LOTOS,51.9194,19.1451
TPL000003,Poland,Statoil,GRUPA LOTOS,51.9194,19.1451
TPL000004,Poland,Statoil,GRUPA LOTOS,51.9194,19.1451
TPL000005,Poland,Statoil,GRUPA LOTOS,51.9194,19.1451
TPL000006,Poland,Statoil,GRUPA LOTOS,51.9194,19.1451
TPL000007,Poland,Statoil,GRUPA LOTOS,51.9194,19.1451
TPL000008,Poland,Statoil,OLPP,51.9194,19.1451
TPL000009,Poland,Statoil,OLPP,51.9194,19.1451
TPL000010,Poland,Statoil,OLPP,51.9194,19.1451
TPL000011,Poland,Statoil,OLPP,51.9194,19.1451
TPL000012,Poland,Statoil,OLPP,51.9194,19.1451
TPL000013,Poland,Statoil,OLPP,51.9194,19.1451
TPL000014,Poland,Statoil,OLPP,51.9194,19.1451
TPL000015,Poland,Statoil,OLPP,51.9194,19.1451
TPL000016,Poland,Statoil,POLOIL,51.9194,19.1451
TPL000017,Poland,Statoil,FALCO,51.9194,19.1451
TPL000018,Poland,Statoil,IMSO KI,51.9194,19.1451
TPL000019,Poland,Statoil,MAANTE,51.9194,19.1451
TPL000020,Poland,Statoil,TANQUID,51.9194,19.1451
TPL000021,Poland,Statoil,PKN ORLEN S.A.,51.9194,19.1451
TPL000022,Poland,Statoil,PKN ORLEN S.A.,51.9194,19.1451
TPL000023,Poland,Statoil,PKN ORLEN S.A.,51.9194,19.1451
TPL000024,Poland,Statoil,PKN ORLEN S.A.,51.9194,19.1451
TPL000025,Poland,Statoil,PKN ORLEN S.A.,51.9194,19.1451
TPL000026,Poland,Statoil,PKN ORLEN S.A.,51.9194,19.1451
TPL000027,Poland,Statoil,PKN ORLEN S.A.,51.9194,19.1451
TPL000028,Poland,Statoil,PKN ORLEN S.A.,51.9194,19.1451
TPL000029,Poland,Statoil,PKN ORLEN S.A.,51.9194,19.1451
TPL000030,Poland,Statoil,PKN ORLEN S.A.,51.9194,19.1451
TPL000031,Poland,Statoil,PKN ORLEN S.A.,51.9194,19.1451
TPL000032,Poland,Statoil,PKN ORLEN S.A.,51.9194,19.1451
TPL000033,Poland,Statoil,PKN ORLEN S.A.,51.9194,19.1451
TPL000034,Poland,Statoil,PKN ORLEN S.A.,51.9194,19.1451
TPL000035,Poland,Statoil,PKN ORLEN S.A.,51.9194,19.1451
TPL000036,Poland,BP,Aleksandra,51.9194,19.1451
TPL000037,Poland,BP,Amerigas,51.9194,19.1451
TPL000038,Poland,BP,Amerigas,51.9194,19.1451
TPL000039,Poland,BP,Amerigas,51.9194,19.1451
TPL000040,Poland,BP,Amerigas,51.9194,19.1451
TPL000041,Poland,BP,Amerigas,51.9194,19.1451
TPL000042,Poland,BP,Amerigas,51.9194,19.1451
TPL000043,Poland,BP,Bioagra,51.9194,19.1451
TPL000044,Poland,BP,Gaspol,51.9194,19.1451
TPL000045,Poland,BP,Gaspol,51.9194,19.1451
TPL000046,Poland,BP,Gaspol,51.9194,19.1451
TPL000047,Poland,BP,Gaspol,51.9194,19.1451
TPL000048,Poland,BP,Glob,51.9194,19.1451
TPL000049,Poland,BP,PKN,51.9194,19.1451
TPL000050,Poland,BP,J&S ENERGY,51.9194,19.1451
TPL000051,Poland,BP,Novatek,51.9194,19.1451
TPL000052,Poland,BP,Novatek,51.9194,19.1451
TPL000053,Poland,BP,OLPP,51.9194,19.1451
TPL000054,Poland,BP,OLPP,51.9194,19.1451
TPL000055,Poland,BP,OLPP,51.9194,19.1451
TPL000056,Poland,BP,OLPP,51.9194,19.1451
TPL000057,Poland,BP,OLPP,51.9194,19.1451
TPL000058,Poland,BP,OLPP,51.9194,19.1451
TPL000059,Poland,BP,OLPP,51.9194,19.1451
TPL000060,Poland,BP,OLPP,51.9194,19.1451
TPL000061,Poland,BP,OLPP,51.9194,19.1451
TPL000062,Poland,BP,OLPP,51.9194,19.1451
TPL000063,Poland,BP,OLPP,51.9194,19.1451
TPL000064,Poland,BP,OrlenGaz,51.9194,19.1451
TPL000065,Poland,BP,OrlenGaz,51.9194,19.1451
TPL000066,Poland,BP,OrlenGaz,51.9194,19.1451
TPL000067,Poland,BP,PGNiG,51.9194,19.1451
TPL000068,Poland,BP,PKN,51.9194,19.1451
TPL000069,Poland,BP,PKN,51.9194,19.1451
TPL000070,Poland,BP,PolskiGaz,51.9194,19.1451
TPL000071,Poland,BP,Statoil,51.9194,19.1451
TPL000072,Poland,BP,Transgaz,51.9194,19.1451
TPL000073,Poland,BP,Lotos,51.9194,19.1451
TPR000001,Puerto Rico,Buckeye,Buckeye,18.2208,66.5901
TES000001,Spain,Vopak,Terquimsa Tarragona,40.4637,3.7492
TES000002,Spain,Vopak,Vopak Terminal Algeciras,40.4637,3.7492
TES000003,Spain,Vopak,Terquimsa Barcelona,40.4637,3.7492
TSE000001,Sweden,Vopak,Vopak Terminals Gothenburg,60.1282,18.6435
TSE000002,Sweden,Vopak,Vopak Terminal Malmö,60.1282,18.6435
TSE000003,Sweden,Vopak,Vopak Terminal Södertälje,60.1282,18.6435
TSE000004,Sweden,Vopak,Vopak Terminal Gävle,60.1282,18.6435
TSE000005,Sweden,Statoil,Statoil,60.1282,18.6435
TSE000006,Sweden,Statoil,Statoil,60.1282,18.6435
TSE000007,Sweden,Statoil,Statoil,60.1282,18.6435
TSE000008,Sweden,Statoil,Statoil,60.1282,18.6435
TSE000009,Sweden,Statoil,Statoil,60.1282,18.6435
TSE000010,Sweden,BP,ST1,60.1282,18.6435
TSE000011,Sweden,BP,ST1,60.1282,18.6435
TCH000001,Switzerland,Argos,Rhytank,46.8182,8.2275
TCH000002,Switzerland,BP,TAU Muttenz,46.8182,8.2275
TCH000003,Switzerland,BP,TAMAG Mellingen,46.8182,8.2275
TCH000004,Switzerland,BP,Petrostock Vernier,46.8182,8.2275
TCH000005,Switzerland,BP,TAR Rümlang,46.8182,8.2275
TCH000006,Switzerland,BP,Agrola Landquart,46.8182,8.2275
TCH000007,Switzerland,BP,Storz Pontresina,46.8182,8.2275
TCH000008,Switzerland,BP,Tamoil Zollikofen,46.8182,8.2275
TCH000009,Switzerland,BP,Coop Rothenburg,46.8182,8.2275
TCH000010,Switzerland,BP,Halter Schwarzenbach,46.8182,8.2275
TCH000011,Switzerland,BP,VARO Cressier,46.8182,8.2275
TCH000012,Switzerland,BP,Tamoil Collombey,46.8182,8.2275
TCH000013,Switzerland,BP,ECSA Balerna,46.8182,8.2275
TCH000014,Switzerland,BP,Eni Sennwald,46.8182,8.2275
TCH000015,Switzerland,BP,TLG Aigle,46.8182,8.2275
TCH000016,Switzerland,BP,TLG Altishausen,46.8182,8.2275
TCH000017,Switzerland,BP,UBAG Rümlang,46.8182,8.2275
TTR000001,Turkey,Shell,Shell Türkiye - Ambarli,38.9637,35.2433
TTR000002,Turkey,Shell,Shell Türkiye - Derince,38.9637,35.2433
TTR000003,Turkey,Shell,Shell Türkiye - Kirikkale,38.9637,35.2433
TTR000004,Turkey,Shell,Shell Türkiye - Korfez,38.9637,35.2433
TTR000005,Turkey,Shell,Shell Türkiye - Antalya,38.9637,35.2433
TTR000006,Turkey,Shell,Sadaş Dolum Terminali- Gebze,38.9637,35.2433
TTR000007,Turkey,Shell,Sadaş Dolum Terminali - Samsun,38.9637,35.2433
TTR000008,Turkey,Shell,OMV Petrol Ofisi,38.9637,35.2433
TTR000009,Turkey,Shell,OMV Petrol Ofisi,38.9637,35.2433
TGB000001,United Kingdom,ConocoPhillips,ConocoPhillips UK,55.3781,-3.436
TGB000002,United Kingdom,ConocoPhillips,ConocoPhillips UK,55.3781,-3.436
TGB000003,United Kingdom,ConocoPhillips,ConocoPhillips UK,55.3781,-3.436
TGB000004,United Kingdom,ExxonMobil,ExxonMobil,55.3781,-3.436
TGB000005,United Kingdom,ExxonMobil,ExxonMobil,55.3781,-3.436
TGB000006,United Kingdom,ExxonMobil,ExxonMobil,55.3781,-3.436
TGB000007,United Kingdom,ExxonMobil,ExxonMobil,55.3781,-3.436
TGB000008,United Kingdom,ExxonMobil,ExxonMobil,55.3781,-3.436
TGB000009,United Kingdom,Shell,Prax,55.3781,-3.436
TGB000010,United Kingdom,Shell,Shell UK Oil Products Ltd - Shellhaven,55.3781,-3.436
TGB000011,United Kingdom,Shell,Shell UK Oil Products Ltd - Killingholme,55.3781,-3.436
TGB000012,United Kingdom,Vopak,Vopak,55.3781,-3.436
TGB000013,United Kingdom,Vopak,Vopak,55.3781,-3.436
TGB000014,United Kingdom,Vopak,Vopak Terminal Windmill,55.3781,-3.436
TGB000015,United Kingdom,ConocoPhillips,GB Oils ,55.3781,-3.436
TGB000016,United Kingdom,ConocoPhillips,GB Oils,55.3781,-3.436
TGB000017,United Kingdom,ConocoPhillips,NuStar ,55.3781,-3.436
TGB000018,United Kingdom,Shell,BP,55.3781,-3.436
TGB000019,United Kingdom,Shell,Essar,55.3781,-3.436
TGB000020,United Kingdom,Shell,NuStar,55.3781,-3.436
TGB000021,United Kingdom,Shell,NuStar,55.3781,-3.436
TGB000022,United Kingdom,Shell,Vopak,55.3781,-3.436
TGB000023,United Kingdom,Shell,Valero,55.3781,-3.436
TGB000024,United Kingdom,Shell,Valero,55.3781,-3.436
TGB000025,United Kingdom,Shell,Valero,55.3781,-3.436
TGB000026,United Kingdom,Shell,Total,55.3781,-3.436
TGB000027,United Kingdom,Shell,Puma Energy UK,55.3781,-3.436
TGB000028,United Kingdom,Shell,Puma Energy UK,55.3781,-3.436
TGB000029,United Kingdom,Shell,Total,55.3781,-3.436
TGB000030,United Kingdom,Shell,Total,55.3781,-3.436
TGB000031,United Kingdom,ExxonMobil,INEOS,55.3781,-3.436
TGB000032,United Kingdom,ExxonMobil,Greenergy,55.3781,-3.436
TGB000033,United Kingdom,Shell,Eastham Refinery LTD (ERL),55.3781,-3.436
TGB000034,United Kingdom,Shell,Shell,55.3781,-3.436
TGB000035,United Kingdom,ExxonMobil,Total,55.3781,-3.436
TGB000036,United Kingdom,ExxonMobil,ExxonMobil,55.3781,-3.436
TGB000037,United Kingdom,Shell,NuStar,55.3781,-3.436
TGB000038,United Kingdom,Shell,Hertfordshire Oil Storage Ltd,55.3781,-3.436
TGB000039,United Kingdom,Shell,Puma Energy UK,55.3781,-3.436
TGB000040,United Kingdom,Shell,Valero,55.3781,-3.436
TGB000041,United Kingdom,Circle K Europe,Circle K Europe,55.3781,-3.436
TVI000001,"Virgin Islands, US",Limetree Bay,Limetree Bay Terminals,18.3358,64.8963